text,class,topic,target_author
"The tension between the singular human spirit and the collective structure of society remains one of the most enduring themes in the literary and philosophical canon. At its core, this conflict arises from the inherent desire for autonomy clashing with the practical necessity of communal order. An individual seeks to define themselves through unique experiences, personal values, and private ambitions, yet they must navigate a world governed by shared norms and institutional expectations. Society, in its quest for stability and cohesion, often exerts a subtle but persistent pressure toward conformity, rewarding those who align with the majority and marginalizing those who deviate. This dynamic is not merely a struggle for power but a fundamental negotiation of identity. To live entirely for oneself is to risk isolation and the loss of the civilizational benefits that only a group can provide, while to live entirely for the collective is to risk the erasure of the self. The balance between these two forces defines the trajectory of a human life.",ai_generic,Individual vs Society,
"While the individual and society are often depicted as opposing forces, they exist in a state of profound and inescapable symbiosis. A society is not an abstract entity but a complex tapestry woven from the threads of countless individual lives, each contributing to the strength and pattern of the whole. Conversely, the individual is a product of their social environment, shaped by the language, traditions, and moral frameworks inherited from those who came before. Without the structure of the collective, the individual would lack the tools necessary to articulate their own existence or achieve complex goals that require cooperation. However, the health of a society depends entirely on the creative vitality and critical dissent of its members. When the collective stifles the individual, it stagnates, losing the capacity for innovation and self-correction. True progress occurs when the framework of the community is flexible enough to accommodate the idiosyncratic genius of the person, allowing for a mutual flourishing that benefits both the part and the whole.",ai_generic,Individual vs Society,
"Throughout history, the pendulum of priority has swung between the rights of the person and the needs of the state, reflecting changing perceptions of human nature. In many ancient cultures, the individual was viewed primarily as a functional component of a larger religious or political body, with their value derived from their service to the common good. The advent of Enlightenment thought shifted this perspective, placing the sovereign individual at the center of the moral universe and asserting that society exists to protect the inherent rights of its citizens. This transition birthed modern concepts of liberty and self-determination, yet it also introduced new anxieties regarding social fragmentation and the loss of communal purpose. In the contemporary era, the rise of digital connectivity has further complicated this relationship, creating global networks that offer unprecedented platforms for self-expression while simultaneously imposing new forms of surveillance and groupthink. The struggle persists as each generation attempts to redefine the boundaries of personal freedom within an increasingly interconnected and interdependent world.",ai_generic,Individual vs Society,
"The psychological dimension of the individual versus society is characterized by a dual yearning for belonging and for distinction. Humans are inherently social creatures, hardwired to seek the safety and validation of the tribe, yet we also possess a deep-seated need to be recognized as distinct entities with our own agency. This creates a perpetual internal friction; the comfort of the crowd provides a sense of security and shared meaning, but it can also feel like a cage that restricts the expansion of the soul. To stand apart from the group requires a degree of courage that risks social ostracization, a fate that many find more daunting than physical hardship. Yet, it is often in the moments of quiet rebellion or solitary reflection that the most profound human insights are discovered. The challenge of existence lies in finding a way to participate in the collective narrative without losing the thread of one’s own story, maintaining a sense of integrity while contributing to the broader human experience.",ai_generic,Individual vs Society,
"The relationship between the individual and the collective is defined by a persistent, quiet friction that shapes the contours of human experience. Every person carries an internal landscape of desires, memories, and impulses that are entirely their own, yet they must navigate a world built upon shared rules and mutual expectations. Society functions as a necessary architecture, providing the safety and resources required for survival, but it often demands a degree of conformity that can stifle the singular spirit. This tension is not necessarily a sign of failure; rather, it is the fundamental engine of culture. When the private will aligns with the public good, there is a sense of harmonious progress, but when they diverge, the individual is forced to choose between the comfort of belonging and the integrity of their own convictions. This struggle to remain authentic while participating in the broader human story is a universal challenge, requiring a delicate balance between the need for personal autonomy and the inherent responsibilities of being part of a community.",ai_generic,Individual vs Society,
"Throughout history, the outlier has served as both a threat to social stability and the primary catalyst for its evolution. While the majority often finds security in the preservation of established norms, the individual who dares to question these structures introduces the possibility of change. This dynamic creates a cyclical process where the collective initially resists the deviant voice, only to eventually absorb its insights into a new, expanded consensus. The rebel, the artist, and the philosopher all occupy this precarious space on the periphery, challenging the inertia of the masses with the force of a singular vision. Without this constant pressure from the individual, society would risk stagnation, becoming a closed system incapable of correcting its own errors. However, the cost of such defiance is often high, as the group tends to protect its cohesion through various forms of exclusion or censure. The dialogue between the solitary mind and the collective will is thus a transformative force, ensuring that the structures of civilization remain responsive to the shifting realities of the human condition.",ai_generic,Individual vs Society,
"The human psyche is caught in a perpetual tug-of-war between the desire for absolute independence and the deep-seated need for social validation. To exist in total isolation is to lose the mirrors that reflect one’s identity, as much of who we are is defined in relation to others. Language, morality, and even the concept of the self are constructs born from social interaction. Yet, there is a profound danger in becoming too deeply embedded within the group, where the individual voice is drowned out by the roar of the crowd. In such states of total immersion, the capacity for critical thought can be surrendered to the comfort of the hive mind. The challenge of a conscious life is to find a middle ground where one can contribute to the welfare of the whole without sacrificing the essence of the self. We are social creatures who paradoxically require solitude to understand our place within the network. This duality suggests that the individual and society are not truly separate entities, but rather two sides of the same coin, each defining and sustaining the other.",ai_generic,Individual vs Society,
"In the modern era, the boundary between the private individual and the public sphere has become increasingly porous, altered by the pervasive influence of digital connectivity. Where once the self could retreat into a sanctuary of anonymity, the contemporary world demands a constant performance of identity for an invisible, global audience. This shift has transformed the nature of social pressure, making the gaze of the collective more immediate and unrelenting than ever before. The individual is now encouraged to curate their life as a series of broadcastable moments, often prioritizing the perception of the group over the reality of their own experience. While this connectivity offers unprecedented opportunities for finding like-minded communities, it also risks homogenizing thought through the rapid spread of consensus and the fear of public ostracization. The struggle for autonomy has moved from the physical town square to the digital landscape, where the individual must fight to maintain a sense of self that is not merely a reflection of algorithmic trends or collective approval. In this environment, the preservation of a private, unobserved life becomes a radical act of self-determination.",ai_generic,Individual vs Society,
"The relationship between the single person and the collective whole is often defined by a delicate, persistent tension. From birth, an individual is immersed in a sea of cultural expectations, linguistic structures, and moral codes that provide a necessary framework for existence. However, this same framework can become a restrictive cage when personal inclinations diverge from the established path. The quest for authenticity requires a constant negotiation with the surrounding environment, as one seeks to carve out a private space within a public world. Society demands a degree of uniformity to ensure stability and cooperation, yet it is the unique contribution of the outlier that often drives progress. This dynamic creates a perpetual motion where the self is both shaped by and resistant to the pressures of the group, leading to a life lived on the boundary between belonging and independence.",ai_generic,Individual vs Society,
"Entering into the social contract involves a fundamental trade-off that defines the modern human experience. To gain the protection and resources offered by a community, the individual must voluntarily relinquish certain absolute freedoms. This exchange is the cornerstone of civilization, allowing for the development of complex systems that no person could sustain alone. Yet, the cost of this security is often a subtle erosion of autonomy, as laws and social mores dictate the boundaries of acceptable behavior. The friction arises when the collective will imposes itself upon the private conscience, forcing a choice between compliance and dissent. While the group provides a safety net, it also exerts a gravitational pull toward the center, discouraging the radical departures that define true individuality. Balancing these competing interests is the central challenge of any organized society, requiring a constant recalibration of where the rights of the one end and the needs of the many begin.",ai_generic,Individual vs Society,
"History is frequently viewed as a grand narrative of collective movements, yet its most significant shifts often originate within the mind of a solitary figure. The individual serves as the primary engine of innovation, questioning the assumptions that a society takes for granted. When a person stands apart from the crowd, they provide a mirror in which the collective can see its own flaws and contradictions. This act of standing alone is inherently risky, as the group often reacts to deviation with suspicion or outright hostility. Nevertheless, it is through this confrontation that social structures evolve and adapt to new realities. The tension between the innovator and the establishment is not merely a conflict of interests but a necessary process of renewal. By challenging the prevailing consensus, the individual forces the society to justify its values or abandon them in favor of a more nuanced understanding of the human condition.",ai_generic,Individual vs Society,
"The human psyche is caught in a dual necessity for both profound solitude and meaningful connection. To be entirely subsumed by the group is to lose the essence of the self, resulting in a hollow conformity that stifles the spirit. Conversely, total isolation from the social fabric leads to a fragmentation of identity, as the self requires the reflection of others to achieve a sense of reality. This paradox defines the struggle of the individual within the broader community. We seek the warmth of the hearth and the security of the tribe, yet we also yearn for the quiet of the wilderness where our thoughts are entirely our own. The health of a society can often be measured by its ability to accommodate these opposing needs, providing a space for collective action without crushing the private interior life. Ultimately, the individual and society are not separate entities but two aspects of a single, complex phenomenon, each defining and sustaining the other in a continuous cycle of influence.",ai_generic,Individual vs Society,
"The individual exists as a distinct entity within the vast architecture of the collective, a relationship defined by a perpetual negotiation between autonomy and assimilation. While society offers the essential structures of language, safety, and shared meaning, it simultaneously exerts a gravitational pull toward conformity. This tension is the crucible in which character is forged, as the person must decide which aspects of their nature to reveal and which to submerge for the sake of communal harmony. To stand apart is to risk the coldness of alienation, yet to blend in entirely is to lose the unique spark that drives innovation and personal fulfillment. This delicate equilibrium ensures that the social fabric remains vibrant, woven from the threads of diverse perspectives that are nonetheless bound by a common purpose. The struggle is not a sign of failure but a fundamental characteristic of the human condition, reflecting the dual need to be an independent agent and a valued member of a larger whole.",ai_generic,Individual vs Society,
"The social contract serves as the invisible foundation of civilization, requiring the individual to trade a measure of absolute freedom for the collective benefits of order and security. This arrangement creates a complex landscape where personal ambition often collides with the broader requirements of the public good. Laws and ethical norms act as the boundaries of this interaction, seeking to harmonize the competing desires of millions into a functional reality. However, the individual frequently finds these constraints to be a source of friction, leading to a quiet internal dissent or an overt challenge to the status quo. The history of human progress is largely the history of this friction, as the conscience of the individual pushes against the inertia of established tradition. Whether through art, philosophy, or political activism, the singular voice seeks to redefine the parameters of the possible, reminding the collective that its structures must remain flexible enough to accommodate the evolving needs of the people they were designed to serve.",ai_generic,Individual vs Society,
"In the contemporary era, the rise of global connectivity has fundamentally altered the dynamic between the self and the crowd. The digital landscape has rendered the boundaries of the private sphere increasingly porous, inviting the constant gaze of the collective into the most intimate corners of personal life. This environment creates a unique pressure to perform, as the individual is often tempted to curate a version of themselves that aligns with the prevailing trends of social validation. As the distinction between personal thought and communal sentiment begins to blur, the challenge of maintaining an authentic identity becomes more pronounced. The individual risks becoming a mere node in a vast network, where the noise of the many can easily drown out the quiet reflections of the one. Navigating this modern reality requires a deliberate effort to cultivate solitude and to protect the integrity of the inner life from the homogenizing influence of constant observation, ensuring that the self remains a sovereign territory amidst the digital expanse.",ai_generic,Individual vs Society,
"The trajectory of history is often interpreted as a dialogue between the influence of exceptional individuals and the momentum of broad social forces. While certain figures are remembered for their singular impact on the world, they are invariably the products of the cultural and historical contexts that shaped them. No person operates in a vacuum; every innovation and rebellion is informed by the language, values, and grievances of the surrounding society. This symbiotic relationship suggests that while the individual can act as a catalyst for change, it is the collective that provides the necessary material and energy for that change to take root. Society functions as both a nurturing environment and a restrictive cage, offering the tools for self-actualization while imposing the limits of what is considered acceptable or possible. Ultimately, the individual and society are two sides of the same coin, each defining and redefining the other in a continuous cycle of growth, conflict, and transformation that characterizes the human experience across time.",ai_generic,Individual vs Society,
"The tension between the singular self and the collective whole remains a fundamental aspect of the human experience. From birth, an individual is immersed in a sea of cultural expectations, linguistic norms, and social codes that seek to shape their identity into a recognizable and functional form. While these structures provide a necessary framework for interaction, they often clash with the inherent desire for personal autonomy. The struggle to maintain a unique internal landscape while adhering to the outward requirements of the group creates a persistent friction. This conflict is not necessarily destructive; rather, it is the crucible in which character is forged. One must navigate the delicate balance between the comfort of belonging and the integrity of the self, recognizing that total isolation is as limiting as total conformity. In this quiet negotiation, the individual seeks to define their own boundaries within a world that constantly attempts to redraw them.",ai_generic,Individual vs Society,
"The social contract represents a sophisticated compromise between the unbridled freedom of the individual and the collective need for security and order. By entering into a community, a person agrees to temper their impulses and abide by shared rules in exchange for the protection and resources that only a group can provide. This arrangement creates a complex web of mutual obligations that can sometimes feel restrictive or even oppressive. The laws and customs that sustain a civilization are designed to serve the majority, which occasionally leaves the idiosyncratic needs of the outlier unaddressed. However, the strength of a society is often measured by its ability to accommodate these differences without fracturing. The ongoing dialogue between the rights of the one and the requirements of the many ensures that the structure remains flexible. It is a dynamic equilibrium where the sacrifice of absolute liberty is weighed against the profound benefits of cooperation and shared progress.",ai_generic,Individual vs Society,
"History is frequently defined by the tension between the established status quo and the disruptive influence of the visionary individual. Society, by its very nature, tends toward inertia, favoring established traditions and proven methods that ensure stability over time. When an individual introduces a radical idea or a new way of living, they often encounter resistance from the collective, which views deviation as a threat to the social fabric. This resistance serves as a filtering mechanism, testing the validity and resilience of new concepts before they are integrated into the mainstream. The pioneer must possess the fortitude to stand apart from the crowd, enduring skepticism or marginalization in pursuit of a different truth. Eventually, if the individual’s contribution proves valuable, the society absorbs the innovation, shifting its boundaries to encompass what was once considered radical. This cycle of rejection and eventual assimilation is the primary engine of cultural and intellectual evolution.",ai_generic,Individual vs Society,
"It is a common misconception to view the individual and society as entirely separate or antagonistic forces, when in reality they exist in a state of profound symbiosis. A society is not an abstract entity but a living tapestry woven from the threads of countless personal lives, each contributing to the overall pattern. Conversely, the individual is a product of their environment, their thoughts and aspirations shaped by the history, language, and values of the community that raised them. Neither can truly exist in a vacuum; the self requires a social mirror to achieve self-awareness, while the collective requires the spark of individual agency to avoid stagnation. The health of the whole depends on the vitality of its parts, and the fulfillment of the person is often found through their contribution to the common good. This interconnectedness suggests that the ultimate goal is not the triumph of one over the other, but the cultivation of a harmony that respects both the dignity of the person and the necessity of the group.",ai_generic,Individual vs Society,
"The assessment of a character’s moral standing often hinges on the tension between visible action and invisible intent. In literary analysis, a figure is rarely defined by a single deed, but rather by the cumulative weight of their choices as perceived through the lens of the narrator. When an observer attempts to pass judgment, they are frequently confronted with the discrepancy between what is done and why it is done. A virtuous act may be tainted by a selfish motive, just as a transgression might be born from a desperate necessity. This duality forces a re-evaluation of character, suggesting that morality is not a static trait but a fluid negotiation between the self and the world. As readers navigate these complexities, they must decide whether to prioritize the outcome of an action or the spirit in which it was performed, a process that reveals as much about the judge as it does about the subject.",ai_generic,Moral Judgment and Interpretation of Character,
"Contextual circumstances serve as the crucible in which moral judgment is refined and often complicated. A character existing in a vacuum might be easily categorized, yet the introduction of historical trauma or systemic pressure shifts the interpretive framework. When a narrative provides the background of a character’s upbringing or the immediate dangers they face, the observer’s initial condemnation often softens into a more nuanced understanding. This does not necessarily absolve the individual of their failings, but it contextualizes their behavior within a broader spectrum of human experience. The interpretation of character thus becomes an exercise in empathy, requiring one to weigh the influence of external forces against the exercise of free will. By examining the environment that shapes a person’s decisions, the reader moves beyond superficial labels of good and evil, recognizing that moral clarity is frequently obscured by the shadows of necessity and survival.",ai_generic,Moral Judgment and Interpretation of Character,
"The allure of the morally ambiguous character lies in their resistance to easy classification, challenging the traditional boundaries of hero and villain. Such figures often possess a blend of admirable qualities and profound flaws, creating a psychological depth that mirrors the inconsistencies of real life. When interpreting these characters, the reader is denied the comfort of a clear moral compass, forced instead to grapple with the contradictions inherent in human nature. A character might display immense loyalty in one instance and chilling cruelty in another, leaving the observer to reconcile these disparate traits into a cohesive identity. This interpretive struggle highlights the limitations of binary moral systems, suggesting that character is best understood as a spectrum of potentiality rather than a fixed point. In the absence of a definitive moral verdict, the focus shifts to the internal conflicts that drive the character, making the process of judgment an ongoing dialogue between the text and the reader’s own values.",ai_generic,Moral Judgment and Interpretation of Character,
"Ultimately, the act of interpreting character is a dynamic process that evolves alongside the narrative, requiring a constant recalibration of moral judgment. As new information is revealed, the reader must be willing to discard previous assumptions and integrate fresh insights into their understanding of a figure’s moral core. This evolution reflects the reality that character is not a finished product but a continuous unfolding of being. The final judgment of a character is rarely a settled matter; it remains subject to the shifting perspectives of different readers and the cultural contexts in which the work is received. By engaging with the moral dilemmas presented in literature, individuals practice the delicate art of discernment, learning to navigate the complexities of human behavior with both rigor and compassion. The interpretation of character thus serves as a mirror, reflecting the observer’s own moral priorities and the intricate ways in which they assign value to the lives of others.",ai_generic,Moral Judgment and Interpretation of Character,
"The assessment of a character’s moral standing often hinges on the tension between visible actions and invisible intentions. When an observer witnesses a deed, they naturally project a set of values onto the actor, yet this interpretation is frequently a reflection of the observer’s own ethical framework rather than the actor’s internal reality. A single gesture of kindness might be viewed as genuine altruism or, conversely, as a calculated move for social gain. This ambiguity suggests that character is not a fixed essence but a narrative constructed through the interaction of behavior and perception. Because the human mind cannot directly access the private thoughts of another, moral judgment remains an exercise in speculative storytelling. We piece together fragments of history and conduct to form a coherent image, but this image is always subject to revision as new information emerges. Ultimately, the interpretation of character is less about discovering an objective truth and more about the observer’s attempt to impose order on the chaotic variety of human behavior.",ai_generic,Moral Judgment and Interpretation of Character,
"Context serves as the primary lens through which moral judgment is filtered, often complicating the simple binary of good and evil. A character’s choices are rarely made in a vacuum; they are shaped by the pressures of necessity, the constraints of social standing, and the weight of past trauma. When interpreting character, one must consider whether an individual’s failings are a result of inherent malice or a desperate response to an unforgiving environment. A person who commits a transgression under duress is judged differently than one who acts out of pure self-interest, yet the line between these motivations is frequently blurred. This complexity forces the interpreter to weigh the influence of external circumstances against the exercise of personal agency. By acknowledging the role of context, moral judgment moves away from rigid condemnation and toward a more nuanced understanding of human frailty. It suggests that character is a dynamic negotiation between the individual’s will and the world they inhabit, making any final verdict both difficult and inherently provisional.",ai_generic,Moral Judgment and Interpretation of Character,
"The interpretation of character is further complicated by the fact that individuals are not static entities but are in a constant state of flux. A moral judgment rendered at one point in time may become obsolete as a character evolves through experience and reflection. This temporal dimension of character means that a single act, no matter how significant, cannot fully encapsulate the totality of a person’s moral identity. Redemption and regression are both possibilities that challenge the permanence of any ethical label. When we judge a character, we are often capturing a mere snapshot of a much longer and more complex trajectory. This fluidity requires a degree of humility from the interpreter, who must recognize that the person they are judging today may be fundamentally different tomorrow. The process of interpreting character thus becomes a longitudinal study rather than a momentary assessment. It demands an appreciation for the capacity for change, suggesting that the true measure of a person lies not in a single moment of crisis, but in the patterns of growth and decay that define a lifetime.",ai_generic,Moral Judgment and Interpretation of Character,
"Every act of moral judgment is inevitably colored by the personal values and biases of the individual performing the interpretation. The standards by which we measure the character of others are often rooted in our own cultural upbringing, philosophical leanings, and personal insecurities. Consequently, the same character may be hailed as a hero by one observer and dismissed as a villain by another, depending on which virtues the observer prioritizes. This subjectivity implies that the interpretation of character reveals as much about the judge as it does about the subject. When we condemn a specific trait in another, we are often affirming our own commitment to a contrary value. This reflexive nature of moral judgment creates a hall of mirrors where the boundaries between the observer and the observed become increasingly indistinct. To interpret character with any degree of fairness, one must first acknowledge the limitations of their own perspective. Only by recognizing the subjective nature of our moral lenses can we hope to approach a more balanced and empathetic understanding of the complex individuals we encounter.",ai_generic,Moral Judgment and Interpretation of Character,
"The door closes, and the world outside becomes a distant hum. Withdrawal is rarely a sudden rupture; it is a gradual receding of the tide. In the silence of a self-imposed exile, the individual finds a sanctuary that soon begins to feel like a cell. The walls do not speak, yet they reflect the weight of unspoken thoughts. This isolation is not merely the absence of others but the presence of a self that has grown unfamiliar. Without the mirror of social interaction, the boundaries of identity blur. The quiet provides a space for reflection, but it also removes the distractions that usually keep deeper anxieties at bay. In this stillness, the first tremors of inner conflict emerge, as the comfort of solitude grapples with the inherent human need for connection. The mind, left to its own devices, begins to dissect past conversations and future fears, turning the sanctuary into a theater of private scrutiny.",ai_generic,"Isolation, Withdrawal, and Inner Conflict",
"Within the confines of isolation, a silent war is waged between the desire for peace and the terror of irrelevance. The individual withdraws to protect the psyche from the perceived abrasiveness of the world, yet this retreat creates a vacuum that the ego struggles to fill. Inner conflict manifests as a dialogue between two opposing voices: one that craves the safety of the shadows and another that mourns the loss of the light. Every moment of solitude is a negotiation. The mind questions the validity of its own exile, wondering if the walls are a shield or a shroud. This tension creates a restless energy that cannot be discharged through action, leading to a cycle of rumination. The self becomes both the prosecutor and the defendant in a trial where no verdict is ever reached. The longer the withdrawal persists, the more the internal landscape becomes a labyrinth of ""what ifs"" and ""should haves,"" making the prospect of re-entry into the world seem increasingly daunting.",ai_generic,"Isolation, Withdrawal, and Inner Conflict",
"Time behaves differently when one is removed from the rhythmic demands of social life. Hours stretch into vast, featureless plains, and the distinction between day and night begins to erode. In this state of withdrawal, the sensory world narrows to the immediate and the mundane. The ticking of a clock or the shifting of light across a floor becomes a significant event. This hyper-awareness of the environment is mirrored by an intensified focus on the internal state. Every heartbeat and every fleeting impulse is magnified, contributing to a sense of profound inner conflict. The individual feels suspended between a past that is no longer accessible and a future that feels impossible to navigate. This stasis is not a lack of movement but a collision of equal and opposite forces. The urge to reach out is countered by a paralyzing fear of vulnerability, leaving the person anchored in a present that feels both heavy and hollow.",ai_generic,"Isolation, Withdrawal, and Inner Conflict",
"The long-term effects of withdrawal often result in a fragmentation of the self. Isolation acts as a solvent, slowly dissolving the certainties that once anchored the individual to their community. The inner conflict that initially drove the retreat becomes a permanent fixture of the mental landscape, a background noise that never truly fades. There is a peculiar exhaustion that comes from being one’s own sole companion. The mind grows weary of its own patterns, yet it finds the prospect of external influence threatening. This paradox defines the state of the isolated individual: a longing for the very things they have systematically rejected. The walls built for protection eventually become the limits of the world. Even as the desire for connection flickers, the habit of withdrawal remains a powerful gravity. The conflict is never truly resolved; instead, it becomes a lived reality, a quiet endurance of the space between who one was and who one has become in the silence.",ai_generic,"Isolation, Withdrawal, and Inner Conflict",
"The decision to retreat from the external world often begins as a search for clarity, yet it frequently results in a dense, internal fog. When an individual steps away from the constant hum of social interaction, the silence that follows is rarely empty. Instead, it becomes a stage for a persistent inner conflict, where long-suppressed doubts and unresolved questions begin to demand attention. This form of isolation is not merely a lack of company but a deliberate withdrawal into a private theater of the mind. Here, the self is both the protagonist and the antagonist, locked in a struggle to reconcile past actions with present stillness. The walls of a room may provide a physical boundary, but they offer no protection against the turbulent thoughts that arise when there is nothing left to distract the consciousness. In this state, the boundary between the desire for peace and the reality of mental unrest becomes increasingly blurred, turning the sanctuary of solitude into a site of quiet, relentless confrontation.",ai_generic,"Isolation, Withdrawal, and Inner Conflict",
"Withdrawal from the collective experience often occurs in subtle increments, a slow receding from the shores of shared reality. As the distance between the individual and their community grows, a profound sense of isolation takes root, fostering a climate where inner conflict can flourish. The struggle is often characterized by a dual impulse: a yearning for the warmth of human connection and a simultaneous, paralyzing fear of the vulnerability it requires. This tension creates a cycle of self-imposed exile, where the act of reaching out feels as daunting as the prospect of remaining alone. The mind begins to construct elaborate justifications for its seclusion, yet these rationalizations are frequently undermined by a deep-seated instinct for belonging. Consequently, the individual finds themselves caught in a liminal space, unable to fully commit to their solitude while feeling increasingly estranged from the world they once inhabited. This internal rift deepens with time, making the path back to social integration appear more treacherous and complex than the isolation itself.",ai_generic,"Isolation, Withdrawal, and Inner Conflict",
"In the absence of external validation or critique, the internal landscape becomes a complex terrain of competing narratives. Isolation strips away the social masks that individuals wear to navigate the world, leaving them to face the raw, unvarnished versions of themselves. This confrontation often sparks a significant inner conflict, as the person must reconcile who they believed they were with the reality of who they are in total solitude. Without the distractions of daily life, the mind tends to dwell on perceived failures and missed opportunities, turning the quietude of withdrawal into a crucible of self-examination. The conflict is not always loud or dramatic; it is often a steady, grinding friction between the ego’s desire for comfort and the soul’s demand for truth. This process can be exhausting, as the individual lacks the external anchors that typically provide a sense of stability and perspective. The result is a state of being where the self is constantly being dismantled and reassembled, searching for a coherence that remains perpetually out of reach.",ai_generic,"Isolation, Withdrawal, and Inner Conflict",
"The paradox of isolation lies in its initial promise of liberation and its eventual manifestation as a psychological burden. Many seek withdrawal as a means of escaping the pressures of societal expectations, hoping to find a core of authenticity beneath the layers of external influence. However, the resulting solitude often reveals a fractured interior, where different facets of the personality clash in the absence of a unifying purpose. This inner conflict is exacerbated by the realization that the self is not a static entity but a dynamic process that requires interaction to remain balanced. When the feedback loops of social life are severed, the individual may become trapped in a recursive cycle of thought, where every conclusion is immediately met with a counter-argument. The struggle to find meaning in this vacuum becomes the primary occupation of the isolated mind. While the world continues its indifferent rotation, the individual remains suspended in a private struggle, caught between the relief of being unseen and the growing dread of being forgotten by the very world they sought to leave behind.",ai_generic,"Isolation, Withdrawal, and Inner Conflict",
"The decision to retreat into solitude often begins as a search for clarity, yet it frequently evolves into a complex state of confinement. When an individual removes themselves from the external world, the silence they seek is rarely found; instead, the mind amplifies every lingering doubt and unresolved tension. This physical isolation acts as a catalyst for a profound inner conflict, where the self becomes both the prosecutor and the defendant. Without the grounding influence of social interaction, the boundaries between objective reality and subjective anxiety begin to blur. The walls of a room do not merely provide shelter but also serve as a canvas for the projection of internal struggles. In this quietude, the absence of others forces a confrontation with the aspects of one’s character that are usually obscured by the noise of daily life. The resulting withdrawal is not a passive state but an active, often exhausting, engagement with the contradictions of the human psyche, leaving the individual suspended between the need for peace and the turbulence of their own thoughts.",ai_generic,"Isolation, Withdrawal, and Inner Conflict",
"Withdrawal from the social sphere often functions as a protective mechanism, a way to shield the ego from the perceived demands and judgments of the collective. However, this sanctuary of isolation carries a heavy psychological cost, as the lack of external validation leaves the individual to navigate their moral and emotional dilemmas alone. The inner conflict arises from a fundamental paradox: the innate human drive for belonging clashes with an overwhelming impulse to remain hidden. As the period of seclusion lengthens, the prospect of returning to society becomes increasingly daunting, creating a cycle of avoidance that is difficult to break. The mind begins to construct elaborate justifications for its detachment, even as a deeper part of the consciousness mourns the loss of intimacy and shared experience. This tension creates a fractured sense of self, where one’s identity is no longer shaped by interaction but by the vacuum of its absence. The resulting state is one of profound ambivalence, where the safety of the private world feels like both a refuge and a prison.",ai_generic,"Isolation, Withdrawal, and Inner Conflict",
"In the depths of isolation, the internal dialogue undergoes a transformation, becoming more intense and less forgiving. When the external world is muted, the internal voices that represent different facets of the self—desire, duty, fear, and ambition—begin to compete for dominance. This inner conflict is not merely a series of thoughts but a visceral experience of fragmentation, where the individual feels divided against themselves. The withdrawal from external stimuli removes the distractions that typically mediate these internal disputes, forcing a direct and often painful reckoning. Every past failure and future apprehension is magnified in the stillness, leading to a state of psychological paralysis. The individual may find themselves trapped in a loop of self-scrutiny, where the desire to improve is constantly undermined by a sense of inherent inadequacy. This struggle defines the experience of isolation, turning the private space into a theater of war where the combatants are all versions of the same person, seeking a resolution that remains perpetually out of reach.",ai_generic,"Isolation, Withdrawal, and Inner Conflict",
"The long-term effects of withdrawal manifest as a peculiar form of temporal stagnation, where the individual feels disconnected from the natural flow of life. While the world outside continues its rhythmic progression, the isolated person remains anchored in a static environment, preoccupied by the unresolved tensions of their own mind. This disconnection breeds a specific type of inner conflict characterized by the fear of being forgotten and the simultaneous dread of being seen. The self-imposed exile becomes a crucible in which the individual’s sense of purpose is tested against the weight of their own inertia. There is a constant, underlying struggle to reconcile the comfort of the known—however lonely it may be—with the terrifying uncertainty of re-engagement. The walls of isolation eventually become a mirror, reflecting a version of the self that has been shaped by avoidance rather than action. To emerge from this state requires more than just a physical exit; it demands a reconciliation of the internal divisions that made the withdrawal feel necessary in the first place.",ai_generic,"Isolation, Withdrawal, and Inner Conflict",
"The decision to retreat from the external world often begins as a search for tranquility, yet it frequently reveals a turbulent interior landscape. When the doors are closed and the noise of the street fades, the silence does not always bring peace. Instead, it provides a stage for the echoes of past conversations and the weight of unresolved decisions. This physical isolation acts as a catalyst for a profound inner conflict, where the self becomes both the prosecutor and the defendant. The individual finds that while they have escaped the demands of society, they cannot flee from the persistent questions of their own conscience. The walls of a room may offer protection from the elements, but they also trap the mind within its own contradictions. In this state of withdrawal, the boundary between self-reflection and self-alienation becomes increasingly blurred, leaving the person to navigate a labyrinth of their own making without the guiding light of external perspective.",ai_generic,"Isolation, Withdrawal, and Inner Conflict",
"Withdrawal is rarely a sudden event; it is more often a gradual receding, like a tide leaving a shoreline exposed. As social obligations are shed and invitations are declined, the individual enters a space where the ego must confront its own fragility. This isolation creates a vacuum that is quickly filled by a struggle between the desire for intimacy and the instinct for self-preservation. The conflict arises from the realization that while solitude offers a reprieve from the judgment of others, it intensifies the scrutiny of the self. Every perceived failure and every missed opportunity takes on a larger significance in the absence of distraction. The mind begins to loop through scenarios of what might have been, creating a friction that wears down the spirit. This internal battle is fought in the quietest of hours, where the absence of outside voices makes the internal dialogue deafening, forcing a confrontation with the very aspects of the self that the withdrawal was intended to hide.",ai_generic,"Isolation, Withdrawal, and Inner Conflict",
"The landscape of isolation is marked by a peculiar tension between the comfort of the known and the terror of the unseen. When a person withdraws from the world, they often believe they are moving toward a more authentic version of themselves. However, the lack of social mirrors can lead to a fragmented sense of identity. Without the feedback of peers or the structure of daily routine, the internal world becomes a theater of conflicting impulses. One part of the psyche may crave the warmth of human contact, while another part fears the vulnerability that such contact requires. This inner conflict manifests as a restless energy that finds no outlet in the stillness of a secluded life. The individual becomes a spectator to their own mental processes, watching as thoughts collide and dissipate without resolution. The isolation that was meant to be a sanctuary transforms into a crucible, testing the limits of one's mental endurance and forcing a reckoning with the inherent contradictions of the human condition.",ai_generic,"Isolation, Withdrawal, and Inner Conflict",
"There is a profound paradox in the act of seeking solitude to resolve internal strife. While the removal of external stimuli can clarify one's thoughts, it also removes the buffers that typically soften the impact of one's own flaws. In the depths of withdrawal, the individual is forced to face the duality of their nature without the possibility of escape. This creates a state of perpetual inner conflict, where the need for self-acceptance battles against the drive for self-improvement. The silence of isolation becomes a mirror, reflecting not just the surface of the personality, but the deeper, more uncomfortable truths that lie beneath. Every choice to remain isolated is a choice to engage in this internal struggle, a commitment to a private war where there are no victors, only survivors. The conflict is not with the world, but with the shadows that the world usually obscures. Ultimately, the journey into isolation is a journey into the heart of one's own complexity, where the only way out is through the difficult process of reconciling these opposing forces.",ai_generic,"Isolation, Withdrawal, and Inner Conflict",
"The door closes, and the world outside becomes a distant murmur. Withdrawal is often a quiet process, a gradual receding from the social tide that once felt essential. In the stillness of a room, the individual begins to confront the echoes of their own thoughts, which were previously drowned out by the noise of interaction. This isolation is not merely a lack of company but a deliberate turning inward, where the boundaries of the self are tested against the void of solitude. The silence acts as a mirror, reflecting the fragmented pieces of a personality that has spent too long performing for others. As the external world fades, the internal landscape sharpens, revealing the first tremors of a conflict that has been brewing beneath the surface. It is here, in the absence of distraction, that the weight of one’s own existence becomes a palpable force, demanding an attention that is both necessary and deeply unsettling.",ai_generic,"Isolation, Withdrawal, and Inner Conflict",
"Within the confines of self-imposed exile, a silent battle rages between the longing for connection and the instinct for self-preservation. This inner conflict manifests as a persistent tension, a tug-of-war between the comfort of the known and the terrifying possibility of being seen. To withdraw is to seek safety, yet the very walls built to protect the spirit eventually begin to feel like a cage. The mind becomes a courtroom where every past interaction is scrutinized, and every perceived failure is amplified by the lack of external perspective. One part of the soul yearns to reach out, to bridge the widening gap between the self and the collective, while another part recoils, fearing the vulnerability that comes with exposure. This duality creates a state of paralysis, where the individual is caught in a cycle of wanting to be found while simultaneously hiding deeper within the shadows of their own making.",ai_generic,"Isolation, Withdrawal, and Inner Conflict",
"As isolation deepens, the perception of time begins to warp, losing its linear progression and dissolving into a series of repetitive moments. The external markers of days and hours lose their significance, replaced by the rhythmic pulse of internal rumination. In this state of withdrawal, the distinction between memory and imagination blurs, leading to a heightened sense of disorientation. The inner conflict takes on a more abstract form, as the individual struggles to reconcile their idealized version of the world with the stark reality of their current state. Every thought becomes a labyrinth, and every path leads back to the same unresolved questions of identity and purpose. The lack of social feedback allows the ego to expand and contract in unpredictable ways, creating a psychological landscape that is both vast and claustrophobic. In the absence of others, the self becomes its own most demanding companion, forcing a confrontation with the aspects of the psyche that are usually kept hidden.",ai_generic,"Isolation, Withdrawal, and Inner Conflict",
"The resolution of inner conflict rarely comes through the simple act of re-emerging into the world; rather, it requires a slow and painful integration of the lessons learned in solitude. Withdrawal serves as a crucible, a place where the dross of social expectation is burned away to reveal the core of the individual. However, the danger remains that the isolation will become a permanent state, a sanctuary that has turned into a tomb. The struggle to balance the need for autonomy with the necessity of community is a fundamental human challenge that is only amplified by the experience of being alone. Even when the door is finally opened, the echoes of the internal struggle remain, a quiet reminder of the fragility of the human psyche. The journey back from the depths of isolation is marked by a newfound awareness of the delicate thread that connects the inner life to the outer world, a thread that is easily frayed but essential for the maintenance of a coherent sense of self.",ai_generic,"Isolation, Withdrawal, and Inner Conflict",
"When assessing the moral fiber of a literary figure, the observer often finds themselves caught between the character’s stated intentions and the tangible consequences of their actions. This discrepancy creates a fertile ground for interpretation, as a single gesture may be viewed as either a noble sacrifice or a calculated manipulation depending on the reader’s vantage point. We tend to project our own ethical frameworks onto these fictional personas, seeking a consistency that rarely exists in human nature. A character who commits a transgression for a perceived greater good challenges the simplicity of binary labels, forcing a reconsideration of what constitutes virtue. The process of judgment is thus rarely a final verdict but rather a continuous negotiation between the text’s evidence and the reader’s intuition. By navigating these complexities, one begins to understand that character is not a fixed essence but a fluid construct shaped by the interplay of choice, circumstance, and the subjective eye of the beholder.",ai_generic,Moral Judgment and Interpretation of Character,
"The allure of complex narratives often lies in the deliberate ambiguity of their protagonists, where moral clarity is sacrificed for psychological realism. When an author refuses to provide a clear ethical compass, the burden of interpretation shifts entirely to the audience, transforming the act of reading into a series of moral evaluations. This ambiguity serves as a mirror, reflecting the reader’s own biases and values back at them through their reaction to a character’s flaws. We might find ourselves sympathizing with a villain or questioning the motives of a traditional hero, revealing the fragility of our preconceived notions of right and wrong. Such narratives suggest that character is best understood not through isolated deeds, but through the internal struggles that precede them. In this light, moral judgment becomes an exercise in empathy, requiring us to look beyond the surface of behavior to find the underlying humanity that informs even the most questionable decisions.",ai_generic,Moral Judgment and Interpretation of Character,
"Interpretation of character is inextricably linked to the cultural and temporal context in which a work is received, as the virtues of one era may become the vices of another. A figure celebrated for their unwavering stoicism and adherence to duty in a classical setting might be perceived as cold or emotionally repressed by a modern audience. This shift highlights the evolutionary nature of moral judgment, reminding us that our standards for character are rarely universal or timeless. As societal values fluctuate, so too does the lens through which we view the motivations and justifications of those in literature. A character’s struggle against the constraints of their time can evoke either admiration for their rebellion or condemnation for their perceived recklessness, depending on the prevailing ethos of the reader’s world. Consequently, the act of judging a character is as much a reflection of the present moment as it is an analysis of the past, illustrating the dynamic relationship between literature and the shifting sands of human ethics.",ai_generic,Moral Judgment and Interpretation of Character,
"Ultimately, the moral judgment we pass upon a character reveals as much about the interpreter as it does about the subject of the critique. To label a character as courageous, cowardly, or deceitful is to invoke a personal standard of conduct that defines our own worldview. This reflexive quality of interpretation means that no two readers will ever perceive a character in exactly the same light, as each brings a unique history of experiences and beliefs to the text. The nuances of a character’s development provide a canvas upon which we paint our own moral aspirations and fears, turning the literary experience into a deeply personal dialogue. When we grapple with the contradictions of a complex figure, we are essentially practicing the art of human understanding, learning to tolerate the inconsistencies that define the human condition. In the end, the interpretation of character serves as a vital bridge between the abstract principles of morality and the messy, lived reality of individual existence.",ai_generic,Moral Judgment and Interpretation of Character,
"When assessing the moral fiber of a literary figure, the observer is often caught between the clarity of an action and the opacity of its underlying motive. We tend to assign virtue or vice based on the tangible fallout of a character’s choices, yet the internal architecture of their reasoning remains a labyrinth of conflicting impulses. A character may commit a transgression out of a desperate necessity that the reader can intellectually grasp, yet the emotional weight of the deed often triggers an instinctive condemnation. This friction suggests that moral judgment is rarely a static calculation; it is a fluid negotiation between what is done and why it is done. As we peel back the layers of a protagonist’s history, the initial simplicity of their goodness or wickedness frequently dissolves into a complex spectrum of human frailty. Ultimately, the interpretation of character serves as a mirror, reflecting the judge’s own ethical priorities as much as the subject’s inherent nature.",ai_generic,Moral Judgment and Interpretation of Character,
"The lens through which a character is presented dictates the boundaries of the reader’s moral empathy. An omniscient narrator might provide the psychological context necessary to forgive a character’s failings, whereas a detached or biased perspective can render the same actions inexcusable. This structural manipulation highlights the subjective nature of interpretation, as the proximity to a character’s thoughts often softens the harshness of a moral verdict. When we are privy to the silent justifications and the private agonies of a flawed individual, the impulse to categorize them as a villain is frequently tempered by a recognition of shared vulnerability. Conversely, a character viewed only through the eyes of their victims appears monolithic in their cruelty, stripped of the nuance that might otherwise complicate a moral assessment. Thus, the act of judging a character is inextricably linked to the narrative framework, which selectively reveals or conceals the elements required for a comprehensive ethical evaluation.",ai_generic,Moral Judgment and Interpretation of Character,
"Literary ambiguity serves as a crucible for moral judgment, forcing the reader to navigate a landscape where traditional markers of right and wrong are intentionally obscured. Characters who inhabit this gray space challenge the comfort of binary classifications, demanding a more sophisticated level of interpretation that accounts for contradiction and paradox. In these instances, the reader becomes an active participant in the creation of the character’s moral identity, filling in the gaps left by the author with their own values and experiences. A character’s silence or an unresolved conflict can provoke a wide range of interpretations, each revealing a different facet of the human condition. This lack of definitive closure prevents the reader from reaching a final, comfortable verdict, ensuring that the character remains a living, breathing entity within the mind. By resisting easy categorization, such figures highlight the limitations of moral absolutes and the inherent difficulty of rendering a fair judgment on the complexities of a life.",ai_generic,Moral Judgment and Interpretation of Character,
"The interpretation of character is rarely a fixed event, but rather a process that evolves alongside the narrative’s progression. An initial impression of moral rectitude may be slowly eroded by a series of subtle compromises, just as a character introduced in a state of disgrace might find a path toward redemption. This temporal dimension of judgment requires the observer to remain flexible, constantly re-evaluating their stance as new information comes to light. The tension between a character’s past actions and their present potential creates a dynamic moral landscape where the possibility of change is always present. However, the weight of previous transgressions often lingers, casting a shadow over even the most sincere efforts at transformation. This struggle between the permanence of the past and the fluidity of the future is central to the interpretation of character, as it forces us to decide whether a person is the sum of their mistakes or the potential of their aspirations.",ai_generic,Moral Judgment and Interpretation of Character,
"When assessing the moral fiber of an individual, the observer often encounters a profound disconnect between visible action and internal motivation. A character may perform a deed that appears altruistic on the surface, yet the underlying impulse might be rooted in vanity or fear. Conversely, a seemingly callous act might be the result of a desperate necessity that remains hidden from the public eye. This tension forces the interpreter to navigate a labyrinth of ambiguity, where the truth of a person’s nature is rarely found in a single event. Instead, moral judgment becomes a cumulative process, requiring a careful weighing of consistent patterns against isolated lapses. The difficulty lies in the fact that we can never truly inhabit another’s consciousness; we are left to piece together a mosaic of character from fragments of behavior, often projecting our own values onto the gaps. Consequently, the interpretation of character is less a definitive verdict and more an ongoing dialogue between the observer’s expectations and the subject’s lived reality.",ai_generic,Moral Judgment and Interpretation of Character,
"The environment in which a character operates serves as the essential crucible for moral evaluation. It is easy to condemn a choice when it is viewed in a vacuum, stripped of the pressures and historical burdens that shaped it. However, a more nuanced interpretation recognizes that morality is often a response to circumstance rather than a static set of principles. A character who exhibits ruthlessness in a landscape of scarcity might be judged differently than one who acts with cruelty in a position of absolute security. By examining the external forces—social expectations, systemic injustices, or personal trauma—that act upon an individual, the interpreter gains a clearer understanding of the stakes involved in every decision. This contextual approach does not necessarily absolve the character of their failings, but it provides the necessary depth to transform a flat caricature of virtue or vice into a complex human portrait. Understanding the motivations behind an action is fundamental to any serious attempt at moral judgment, as it reveals the limits of human agency.",ai_generic,Moral Judgment and Interpretation of Character,
"Virtue and vice are frequently two sides of the same coin, and the interpretation of character often depends on which side is currently catching the light. A trait such as unwavering loyalty can be seen as a profound moral strength in one setting, yet in another, it may manifest as a dangerous blindness to the faults of a superior. Similarly, ambition can be the engine of progress or the catalyst for moral decay. The interpreter must therefore grapple with the inherent instability of these qualities, recognizing that a character’s greatest asset is often inextricably linked to their most significant flaw. This duality suggests that moral judgment is not merely about identifying specific traits, but about observing how those traits interact with the world. When a character’s strengths lead to their downfall, or their weaknesses inadvertently produce a positive outcome, the traditional boundaries of morality become blurred. This complexity challenges the observer to move beyond simplistic labels and instead appreciate the intricate, often contradictory, architecture of the human spirit.",ai_generic,Moral Judgment and Interpretation of Character,
"Ultimately, the act of moral judgment reveals as much about the interpreter as it does about the character being scrutinized. Every observer brings a unique set of biases, cultural norms, and personal experiences to the task of evaluation, which inevitably colors their perception of right and wrong. What one person views as a courageous stand, another might interpret as reckless obstinacy. This subjectivity means that the moral truth of a character is often a collaborative construction between the subject and the witness. In literature and life alike, we tend to sympathize with characters whose struggles mirror our own, while we are quicker to judge those whose motivations feel alien or threatening. By acknowledging this inherent partiality, the interpreter can begin to approach character with a degree of humility. The goal of moral judgment, then, is not to achieve a final, objective ranking of worth, but to engage in a process of reflection that deepens our understanding of the human condition and the diverse ways in which individuals navigate the ethical challenges of existence.",ai_generic,Moral Judgment and Interpretation of Character,
